CA (mol/L),CB (moles)/L,T (K),Rate (1/s)
0.000794,0.112,450.0,6.31e-6
0.00944,0.112,450.0,0.000111
0.112,0.112,450.0,0.000873
1.33,0.112,450.0,0.0144
15.8,0.112,450.0,0.159
0.112,0.000794,450.0,3.97e-8
0.112,0.00944,450.0,1.14e-5
0.112,0.112,450.0,0.0011
0.112,1.33,450.0,0.128
0.112,15.8,450.0,22.7
0.112,0.112,350.0,2.62e-6
0.112,0.112,400.0,0.000107
0.112,0.112,450.0,0.001
0.112,0.112,500.0,0.00745
0.112,0.112,550.0,0.0305
